"","CONTROL_mean","SALT_mean","M","D","prob","ranking"
"Cre06.g252743.t1.2.v5.5",896.708613002242,2.33510189996964,8.58500993672622,894.373511102272,0.99707626074042,894.414713517739
"Cre12.g551353.t1.1.v5.5",579.82801100145,1.05026279998635,9.10873085158472,578.777748201463,0.995564033647804,578.849419789709
"Cre12.g551352.t1.1.v5.5",325.353348500813,0.775582799989917,8.71251087720988,324.577765700823,0.992593694945013,324.694677863873
"Cre11.g469550.t1.2.v5.5",5.32723175001332,332.892049495672,-5.96552456091233,327.564817745659,0.986174997444547,-327.619134526715
"Cre10.g463350.t1.2.v5.5",336.950507250842,5.3998716999298,5.96346775796577,331.550635550913,0.986153952534709,331.604262460413
"Cre09.g399250.t1.2.v5.5",140.02162975035,0.577242599992496,7.92225621505303,139.444387150358,0.983741303942613,139.66924948347
"Cre06.g252750.t1.1.v5.5",120.790503000302,0.0610536999992063,10.9501406800008,120.729449300303,0.981384274040803,121.225020145456
"Cre06.g260700.t1.2.v5.5",157.692377250394,2.24328599997084,6.13535554907217,155.449091250423,0.980556006517909,155.570121033237
"Cre06.g253000.t1.1.v5.5",103.181912250258,0.274318999996434,8.55511982350935,102.907593250262,0.978035126960935,103.262591599068
"Cre06.g281600.t2.1.v5.5",0.24786150000062,99.8863634987015,-8.6546097273807,99.6385019987008,0.977336135312757,-100.013665816619
"Cre03.g199050.t1.2.v5.5",95.192619250238,0.025766199999665,11.8511542191667,95.1668530502383,0.976237290377666,95.9019279045637
"Cre01.g053150.t2.1.v5.5",17.2927127500432,549.854095692852,-4.99081273798071,532.561382942809,0.974283120178461,-532.584767725986
"Cre08.g379187.t1.1.v5.5",0.125000000000313,88.0988361988547,-9.4610510558997,87.9738361988544,0.974174889213582,-88.4811129147074
"Cre14.g622200.t2.1.v5.5",86.6180532502165,0.04999999999935,10.7585239378418,86.5680532502172,0.973732946106992,87.2340167644111
"Cre06.g263200.t1.1.v5.5",85.7939925002145,0.0725953999990563,10.2067827801025,85.7213971002154,0.973427794914347,86.3269154756095
"Cre13.g562150.t1.2.v5.5",82.0282542502051,1.23438949998395,6.05425132464904,80.7938647502211,0.966866292668555,81.0203834869907
"Cre12.g488800.t1.1.v5.5",75.2653470001882,0.981746599987237,6.26049127823322,74.2836004002009,0.966006457780904,74.5469452054312
"Cre14.g629920.t1.1.v5.5",65.3636087501634,0.129606299998315,8.97820797970117,65.2340024501651,0.964480701817679,65.8489429998304
"Cre09.g415050.t1.2.v5.5",63.6300635001591,0.18002469999766,8.46536988834076,63.4500388001614,0.963446494819946,64.0122637553806
"Cre08.g368850.t1.2.v5.5",61.0254712501526,0.04999999999935,10.253267720605,60.9754712501532,0.961848584880134,61.8315258838779
"Cre10.g442800.t1.1.v5.5",67.5511677501689,0.932357099987879,6.1789542751687,66.618810650181,0.96168473522497,66.9047487730078
"Cre03.g162800.t1.2.v5.5",26.8405792500671,592.3251123923,-4.46390154038127,565.484533142233,0.959276596256411,-565.502151755456
"Cre03.g145787.t1.1.v5.5",59.5748572501489,0.762202199990091,6.28838600699779,58.8126550501589,0.957938741273878,59.1478840925183
"Cre07.g353250.t1.2.v5.5",7.84833325001962,193.732892897481,-4.62553881069037,185.884559647462,0.957363012669036,-185.942101538678
"Cre17.g714600.t1.2.v5.5",52.0897535001302,0.158068499997945,8.36430590468264,51.9316850001323,0.954661748170596,52.6009650122512
"Cre03.g204500.t1.1.v5.5",51.7868345001295,0.0770333999989986,9.39288555776805,51.7098011001305,0.954472343982058,52.5559685375161
"Cre16.g651050.t1.2.v5.5",0.0346250000000866,49.6412766993547,-10.4855104333997,49.6066516993546,0.952394910739518,-50.7027200638192
"Cre11.g467721.t1.1.v5.5",68.2185025001705,1.72769779997754,5.30324029007263,66.490804700193,0.951870291201424,66.7019599955913
"Cre16.g691750.t1.2.v5.5",49.7310460001243,0.453996499994098,6.77532179028714,49.2770495001302,0.951822188550366,49.7406533210032
"Cre09.g413350.t1.1.v5.5",48.9317230001223,0.172769199997754,8.14578022656812,48.7589538001246,0.951482463577274,49.4346974420015
"Cre12.g530400.t1.2.v5.5",6.04369575001511,142.869641698143,-4.56312454660055,136.825945948128,0.95119384767093,-136.90201455869
"Cre16.g655200.t2.1.v5.5",12.1696802500304,247.108258896788,-4.34378006164293,234.938578646757,0.949842463817787,-234.978731296648
"Cre03.g144564.t1.1.v5.5",64.5878297501615,1.65748679997845,5.28419305823146,62.930342950183,0.949621492264492,63.1518072592092
"Cre17.g742250.t1.1.v5.5",47.0474177501176,0.0271777999996467,10.7574711489387,47.020239950118,0.949591428107582,48.2351132525562
"Cre13.g569850.t1.2.v5.5",505.361766501263,27.3019581996451,4.210240184796,478.059808301618,0.949274251252172,478.078347591473
"Cre03.g159254.t1.2.v5.5",50.813651000127,0.869299399988699,5.86921916755822,49.9443516001383,0.947568110347482,50.2880302894742
"Cre09.g404201.t1.1.v5.5",0.173036000000433,45.3025563994111,-8.03237643223429,45.1295203994106,0.947259952739145,-45.8387683367467
"Cre02.g143067.t2.1.v5.5",43.4593157501087,0.395154499994863,6.78110481222138,43.0641612501138,0.94419641514993,43.5947860030318
"Cre13.g584200.t1.2.v5.5",64.3003712501608,2.01691569997378,4.9946043765318,62.283455550187,0.943449320850695,62.4833970599405
"Cre01.g009400.t1.2.v5.5",41.6350375001041,0.233475999996965,7.47838005642844,41.4015615001071,0.941759715232306,42.0715517055829
"Cre09.g398450.t1.1.v5.5",39.2438615000981,0.189375599997538,7.6950727365094,39.0544859001006,0.937779220857309,39.8053641277319
"Cre01.g045200.t1.1.v5.5",14.3768775000359,238.054805296905,-4.04947147357459,223.677927796869,0.937777717649464,-223.714580666341
"Cre07.g325742.t1.1.v5.5",0.174737250000437,39.0283887994926,-7.80319290456198,38.8536515494922,0.937454527962672,-39.6294847081711
"Cre08.g359600.t1.2.v5.5",41.8255120001046,0.763672499990072,5.77528531776201,41.0618395001145,0.936397772847256,41.4659930983779
"Cre42.g760347.t1.1.v5.5",3.57253625000893,79.0414785989725,-4.46758937979813,75.4689423489635,0.935211741857123,-75.6010622553524
"Cre08.g367400.t1.1.v5.5",31.0304040000776,459.294770994029,-3.88766597351627,428.264366993952,0.935002795966593,-428.28201221094
"Cre17.g717950.t1.2.v5.5",36.9523600000924,0.491279399993613,6.23297895006353,36.4610806000988,0.932451852252707,36.9900043946852
"Cre05.g243450.t1.1.v5.5",0.190803500000477,36.2660366995285,-7.57038764446049,36.0752331995281,0.9320159219775,-36.8609986230397
"Cre16.g655200.t1.2.v5.5",0.226922500000567,35.8404339995341,-7.30324463383003,35.6135114995335,0.931037333670052,-36.354636341311
"Cre03.g151650.t1.1.v5.5",1.15316600000288,42.3692390994492,-5.19934510866648,41.2160730994463,0.928546518269988,-41.5427234458445
"Cre11.g467572.t1.1.v5.5",1.51208750000378,45.6848229994061,-4.91710143416291,44.1727354994023,0.926363860478261,-44.445567248197
"Cre12.g551350.t1.2.v5.5",45.215345750113,1.49185299998061,4.9216352041756,43.7234927501324,0.925818196030329,43.9996171728103
"Cre12.g552300.t1.2.v5.5",0.287741250000719,33.4187055995656,-6.85973998688854,33.1309643495648,0.925413833119878,-33.8336641737169
"Cre08.g365851.t1.1.v5.5",0.670035250001675,34.2600650995546,-5.67614708598577,33.5900298495529,0.922473558573997,-34.0662406354972
"Cre08.g358545.t1.1.v5.5",0.641187000001603,33.4014347995658,-5.70302109123858,32.7602477995642,0.920983879599064,-33.252944011861
"Cre04.g223300.t1.2.v5.5",44.1985437501105,518.43013309326,-3.5520788337592,474.23158934315,0.917329581326551,-474.244892007253
"Cre07.g335200.t1.1.v5.5",1198.05304700299,108.45620979859,3.46550722489064,1089.5968372044,0.915443055480395,1089.60234828407
"Cre12.g488450.t1.1.v5.5",28.386714000071,0.0894305999988374,8.31023158408588,28.2972834000721,0.912505787350205,29.4923074174459
"Cre12.g519180.t1.1.v5.5",28.1011957500703,0.0362266999995291,9.59936241306719,28.0649690500707,0.91172862889406,29.6612583434829
"Cre05.g235950.t1.2.v5.5",1.30965800000327,36.692840599523,-4.80823657087779,35.3831825995197,0.910258491621119,-35.7083848667576
"Cre07.g334150.t1.1.v5.5",27.9129597500698,0.419028599994553,6.05774258275437,27.4939311500752,0.909427217682535,28.1533744919502
"Cre10.g439450.t1.1.v5.5",35.5642830000889,1.24480349998382,4.8364391511843,34.3194795001051,0.90901383552501,34.6585893657148
"Cre19.g751147.t6.1.v5.5",1.1597277500029,34.7141534995487,-4.90366591923271,33.5544257495458,0.908973248913181,-33.9108452685749
"Cre11.g480079.t1.2.v5.5",51.9497187501299,2.82147829996332,4.20259277961779,49.1282404501665,0.908890572481676,49.3076646759981
"Cre06.g271750.t2.1.v5.5",0.125000000000313,26.9518121996496,-7.75231037578546,26.8268121996493,0.907630884307111,-27.9244725815505
"Cre12.g546600.t1.1.v5.5",129.419073750324,1311.61016588295,-3.34121682662533,1182.19109213263,0.90754369825207,-1182.19581374983
"Cre08.g368026.t1.1.v5.5",26.5039777500663,0.04999999999935,9.05006508719154,26.4539777500669,0.906324596689335,27.9591955693192
"Cre12.g527250.t1.2.v5.5",4.41191725001103,66.2744393991384,-3.90897492462015,61.8625221491274,0.906253945920594,-61.9858994579621
"Cre09.g386155.t1.1.v5.5",2.30848250000577,44.5827847994204,-4.27147003442696,42.2743022994147,0.903890903187402,-42.4895527295511
"Cre06.g249500.t1.1.v5.5",25.9502582500649,0.142661299998145,7.50701106048389,25.8075969500667,0.903791691469596,26.8772631679515
"Cre14.g620702.t1.1.v5.5",29.8167437500745,301.704289596078,-3.33894059231379,271.887545846003,0.901132516790832,-271.908047160141
"Cre03.g201550.t1.2.v5.5",28.783205750072,0.820968799989327,5.13175607697437,27.9622369500826,0.901054349982863,28.4292387461594
"Cre17.g705700.t1.2.v5.5",8.49209200002123,101.137795798685,-3.57405843061484,92.645703798664,0.900571820264444,-92.7146176501593
"Cre01.g063997.t1.1.v5.5",28.1636510000704,0.828271499989232,5.08758681213166,27.3353795000812,0.898455303617921,27.8047929678398
"Cre17.g724100.t3.1.v5.5",24.5703952500614,0.333968899995658,6.20106349383298,24.2364263500658,0.897105422972624,25.0171451344215
"Cre11.g467653.t1.1.v5.5",3.66732325000917,53.8268457993003,-3.87552654662829,50.1595225492911,0.896280161865421,-50.3090191554801
"Cre01.g047050.t1.2.v5.5",0.125000000000313,24.0676425996871,-7.58902293315242,23.9426425996868,0.89598703633554,-25.116596181335
"Cre10.g431900.t1.2.v5.5",2.26476400000566,41.1776785994647,-4.18442987300469,38.912914599459,0.895484964915129,-39.1372504908928
"Cre09.g405100.t1.1.v5.5",26.2461617500656,0.723516999990594,5.18093573245145,25.522644750075,0.894552976050893,26.0431850990297
"Cre10.g452250.t1.1.v5.5",23.8007095000595,0.167011599997829,7.15491246039037,23.6336979000617,0.894501866984144,24.6930040446121
"Cre08.g373372.t1.1.v5.5",1.01099550000253,28.4944570996296,-4.81683282465003,27.483461599627,0.892619850761525,-27.9023751669782
"Cre20.g751497.t1.1.v5.5",23.2478067500581,0.04999999999935,8.86095080536605,23.1978067500588,0.892598805851687,24.8325328387619
"Cre16.g661200.t1.2.v5.5",24.5560855000614,0.590366599992325,5.37832568475917,23.9657189000691,0.892308686737498,24.5618010245272
"Cre17.g731650.t1.2.v5.5",23.5699132500589,0.408600099994688,5.85011308134507,23.1613131500642,0.891859227591681,23.8887054881562
"Cre11.g479150.t3.1.v5.5",6.33384075001584,74.924775399026,-3.56429035434079,68.5909346490102,0.891560089230418,-68.6834804138144
"Cre16.g668850.t1.1.v5.5",31.5647967500789,1.35517069998238,4.54176996856625,30.2096260500965,0.891501464124442,30.5491273285186
"Cre08.g367500.t1.1.v5.5",35.9794892500899,322.061404795813,-3.16208916940133,286.081915545723,0.889924599094468,-286.09939044015
"Cre12.g519180.t3.1.v5.5",11.5263782500288,116.18146729849,-3.33336878115532,104.655089048461,0.888495048433357,-104.708161148845
"Cre06.g279216.t1.1.v5.5",22.1241215000553,0.04999999999935,8.7894763598964,22.074121500056,0.887284966117695,23.7596661315013
"Cre11.g469650.t3.1.v5.5",0.230846000000577,22.2957280997102,-6.59369276930935,22.0648820997096,0.887065497772246,-23.0290209607384
"Cre05.g239350.t1.1.v5.5",26.1966695000655,0.894381899988373,4.87234860490951,25.3022876000771,0.887053472109482,25.7671406780958
"Cre04.g224867.t1.1.v5.5",24.0616160000602,0.662886399991383,5.18182807392356,23.3987296000688,0.886832500556187,23.9656397595565
"Cre07.g325760.t1.1.v5.5",0.793837500001985,24.7902694996777,-4.96478642983429,23.9964319996757,0.884442400081775,-24.5046496202033
"Cre13.g603550.t1.2.v5.5",75.7218887501893,7.00974089990887,3.43327737280188,68.7121478502804,0.883869677892623,68.7978681044507
"Cre12.g537371.t1.2.v5.5",88.0914112502202,8.80195849988558,3.32310489116473,79.2894527503347,0.881372849661177,79.3590596187054
"Cre09.g402849.t1.1.v5.5",21.0990875000527,0.209342999997279,6.65516811782257,20.8897445000555,0.881043647143003,21.9242488572375
"Cre06.g306014.t1.1.v5.5",42.0278367501051,2.9768850999613,3.8194697567603,39.0509516501438,0.880164270553361,39.237293153385
"Cre13.g570801.t1.1.v5.5",1.96650075000492,33.9821353995582,-4.11107387109706,32.0156346495533,0.880156754514133,-32.2785035338892
"Cre14.g617276.t1.1.v5.5",0.125000000000313,20.7640444997301,-7.37601557959047,20.6390444997298,0.879735856317381,-21.9174762163025
"Cre09.g388351.t1.1.v5.5",20.5480985000514,0.0313407999995926,9.35674717297411,20.5167577000518,0.879110521853636,22.5496355664918
"Cre12.g490950.t2.1.v5.5",20.5269162500513,0.04999999999935,8.68137309805244,20.476916250052,0.878883537468959,22.2411856244048
"Cre10.g466100.t1.2.v5.5",33.0612080000827,1.91674819997508,4.10840670908946,31.1444598001076,0.878171016950172,31.4142703548532
"Cre14.g615400.t1.2.v5.5",0.0481435000001204,20.3468744997355,-8.72325045400569,20.2987309997354,0.877963574267487,-22.0937452389342
"Cre16.g655150.t1.2.v5.5",6.41406550001603,67.0555940991283,-3.38604670201255,60.6415285991122,0.876984985960039,-60.7359885332013
"Cre17.g714300.t1.2.v5.5",20.0786677500502,0.13002589999831,7.27072071339357,19.9486418500519,0.875812483840516,21.2323265647882
"Cre12.g525450.t1.1.v5.5",19.9186100000498,0.0516309999993288,8.59166371780369,19.8669790000505,0.875378056773154,21.6451735966305
"Cre13.g583935.t2.1.v5.5",42.3156235001058,3.21908619995815,3.71646730960495,39.0965373001476,0.875223226365063,39.2727813902351
"Cre16.g667057.t1.1.v5.5",19.8940827500497,0.138900899998194,7.16213962528629,19.7551818500515,0.874581356615016,21.013411287573
"Cre13.g602450.t1.2.v5.5",2.8812177500072,38.6234782994979,-3.74472749196517,35.7422605494907,0.870827846624697,-35.9378932768291
"Cre09.g402515.t1.1.v5.5",20.408176750051,0.584111999992407,5.12675846489871,19.8240647500586,0.870412961259327,20.4762593158987
"Cre12.g544450.t1.2.v5.5",20.0726302500502,0.547347899992885,5.19662774830201,19.5252823500573,0.870202512160951,20.2049892552281
"Cre10.g448400.t1.1.v5.5",46.9929452501175,4.11080879994656,3.51495001387473,42.8821364501709,0.868963868896225,43.0259514726998
"Cre14.g627950.t1.2.v5.5",6.15449125001539,60.8892509992084,-3.30647605745752,54.7347597491931,0.868206252142071,-54.8345393772978
"Cre06.g284100.t1.2.v5.5",0.946881500002367,23.0984819996997,-4.60847034551632,22.1516004996974,0.867961229263248,-22.625901167107
"Cre12.g537400.t1.1.v5.5",29.0750180000727,1.73706529997742,4.06505619070389,27.3379527000953,0.867035253230394,27.6385299838147
"Cre03.g189350.t1.2.v5.5",10.0357657500251,86.7945465988717,-3.11245369776456,76.7587808488466,0.866952576798889,-76.8218576020001
"Cre12.g493100.t1.1.v5.5",18.5165050000463,0.04999999999935,8.53266800464801,18.4665050000469,0.866632393527788,20.3425227096912
"Cre02.g089500.t1.2.v5.5",60.4441617501511,6.17427429991973,3.29126151448912,54.2698874502314,0.866579781253194,54.3695970761007
"Cre12.g543303.t2.1.v5.5",0.552822500001382,19.4757376997468,-5.13871783039589,18.9229151997454,0.865901834514855,-19.608241649806
"Cre10.g458850.t1.2.v5.5",255.205755750638,35.1918053995425,2.85834943329827,220.013950351096,0.86576504260091,220.03251693915
"Cre16.g663400.t1.2.v5.5",74.5213925001863,8.36756449989122,3.15477496077717,66.1538280002951,0.864921742999561,66.2290084792591
"Cre06.g254300.t1.2.v5.5",21.611363750054,0.839047199989092,4.68689433306846,20.7723165500649,0.864362549681019,21.2945089951718
"Cre05.g234550.t1.2.v5.5",886.679486752217,132.232206498281,2.74533909660992,754.447280253936,0.864225757767075,754.452275209848
"Cre13.g574950.t1.1.v5.5",25.8472817500646,187.597789797561,-2.8595583592358,161.750508047497,0.862564713097751,-161.775782883697
"Cre11.g475800.t1.2.v5.5",40.8930430001022,3.55347819995381,3.52455166932022,37.3395648001484,0.861467371370505,37.5055404431691
"Cre12.g523320.t2.1.v5.5",23.585550750059,1.14251369998515,4.3676199198826,22.4430370500738,0.861234374154446,22.8640769723062
"Cre03.g172100.t1.2.v5.5",26.2419140000656,1.50382469998045,4.12516464152841,24.7380893000852,0.861151697722941,25.0796739520015
"Cre13.g590500.t1.1.v5.5",3428.53183025857,533.699794493062,2.68349055523605,2894.83203576551,0.861028434679606,2894.83327955443
"Cre16.g672050.t2.1.v5.5",36.9076255000923,2.9923761999611,3.62455545631278,33.9152493001312,0.861026931471761,34.108379283483
"Cre10.g436500.t1.2.v5.5",1.19667200000299,23.9582686996885,-4.32342397991664,22.7615966996856,0.86077439255371,-23.1685623038905
"Cre09.g388353.t1.1.v5.5",17.581011000044,0.04999999999935,8.45787422516737,17.5310110000446,0.860195657533176,19.4646341628204
"Cre17.g707600.t1.2.v5.5",20.1861125000505,0.749544499990256,4.75120515618697,19.4365680000602,0.859519214002682,20.0088511928382
"Cre16.g666334.t2.1.v5.5",0.550154750001375,18.4700464997599,-5.06920620472651,17.9198917497585,0.859332816229834,-18.6230870660345
"Cre08.g365825.t1.1.v5.5",0.125000000000313,17.4932284997726,-7.12872466835003,17.3682284997723,0.858947995021376,-18.7742929725048
"Cre03.g207600.t1.2.v5.5",57.6173972501441,6.27365569991844,3.19912623019158,51.3437415502256,0.858524090408933,51.4433105953832
"Cre16.g691351.t1.1.v5.5",40.2720867501007,3.60170239995318,3.4830293444802,36.6703843501475,0.858026528612058,36.8354256362276
"Cre13.g588150.t1.2.v5.5",11.8503265000296,92.2613074988006,-2.96079892919303,80.410980998771,0.857359104328637,-80.4654720702229
"Cre10.g436550.t1.2.v5.5",2250.39763925563,361.5418165953,2.63794551761253,1888.85582266033,0.857301982430507,1888.85766471547
"Cre12.g536776.t1.1.v5.5",17.6237160000441,0.406542599994715,5.43796780705131,17.2171734000493,0.85700735369278,18.0555408049134
"Cre02.g144350.t2.1.v5.5",17.6290382500441,0.451910899994125,5.28577160560984,17.1771273500499,0.856443650750702,17.9720083871143
"Cre03.g196250.t1.1.v5.5",6.77842950001695,59.6649357992244,-3.1378603720045,52.8865062992074,0.855914521589071,-52.9795122311474
"Cre06.g309000.t1.2.v5.5",38.2247020000956,252.750353696714,-2.72513595153778,214.525651696619,0.855541726043377,-214.542959804822
"Cre16.g681700.t1.1.v5.5",20.5478510000514,0.876258899988609,4.55148651473686,19.6715921000628,0.854878811383492,20.1912744829316
"Cre12.g554450.t2.1.v5.5",0.125000000000313,16.8882872997805,-7.07795112169679,16.7632872997801,0.854328637312024,-18.1962961389426
"Cre14.g615350.t1.2.v5.5",16.793206500042,0.105284699998631,7.31743811623122,16.6879218000434,0.853778463240555,18.2217352244301
"Cre11.g467748.t1.1.v5.5",25.9041172500648,1.63137959997879,3.9890169989958,24.272737650086,0.853643174534456,24.5983342860483
"Cre48.g761247.t1.1.v5.5",116.998801750292,16.3315692997877,2.84075842326602,100.667232450505,0.853637161703074,100.707306575359
"Cre13.g574551.t1.1.v5.5",0.0375320000000938,16.6996013997829,-8.79747678189661,16.6620693997828,0.85357102055787,-18.8419785163658
"Cre01.g037200.t1.2.v5.5",4.60284900001151,45.4746123994088,-3.3044623214555,40.8717633993973,0.853560498102952,-41.0051279062782
"Cre02.g073500.t1.1.v5.5",27.9173222500698,1.93805129997481,3.84848190466202,25.979270950095,0.853435731851772,26.2627746452838
"Cre02.g111450.t1.2.v5.5",22.8822590000572,153.664238698002,-2.74748006372544,130.781979697945,0.851526657887933,-130.810836173515
"Cre06.g278104.t1.1.v5.5",3.19071950000798,35.9452913995327,-3.4938491090841,32.7545718995247,0.851385356350452,-32.9403849691861
"Cre12.g513700.t1.1.v5.5",1.37484175000344,23.767914099691,-4.11167782309522,22.3930723496876,0.851323724828785,-22.7674237404954
"Cre10.g422300.t1.2.v5.5",1.58040225000395,25.1223240996734,-3.99060622555002,23.5419218496695,0.850821653408373,-23.8777516199357
"Cre08.g366676.t1.1.v5.5",17.2892747500432,0.551941199992825,4.96921896148344,16.7373335500504,0.849972340975642,17.4594235716077
"Cre06.g284900.t1.2.v5.5",12.8664112500322,93.153410998789,-2.85599888980371,80.2869997487568,0.849733330928201,-80.337781014386
"Cre03.g154726.t1.1.v5.5",201.489633250504,31.4471075995912,2.67970637920481,170.042525650913,0.849107996464455,170.063639135531
"Cre12.g495550.t1.2.v5.5",124.832654500312,18.4471062997602,2.75852894150214,106.385548200552,0.848514229365466,106.421305892444
"Cre09.g388726.t4.1.v5.5",0.497405500001244,16.6554726997835,-5.0654300294972,16.1580671997822,0.848096337584405,-16.9334496490352
"Cre08.g385600.t2.1.v5.5",35.0748610000877,3.19923219995841,3.454639774498,31.8756288001293,0.847188400045698,32.0622869953965
"Cre06.g300500.t1.1.v5.5",20.5144290000513,1.02080749998673,4.32885625971324,19.4936215000646,0.846648748429148,19.9684820581094
"Cre08.g380100.t2.1.v5.5",0.125000000000313,15.9677376997924,-6.99708802187918,15.8427376997921,0.846608161817318,-17.3191102141634
"Cre14.g630700.t1.2.v5.5",2.58772600000647,30.689903399601,-3.56800733321275,28.1021773995946,0.84514403737576,-28.3277787856398
"Cre16.g676150.t1.2.v5.5",90.0333085002251,12.8379583998331,2.81004304489051,77.195350100392,0.845122992465922,77.2464783600924
"Cre08.g368800.t1.2.v5.5",6.17830650001545,51.5951611993293,-3.0619524216718,45.4168546993138,0.843762589365706,-45.5199543432456
"Cre12.g530600.t1.1.v5.5",115.520174000289,17.5174569997723,2.72127956041952,98.0027170005165,0.843741544455869,98.0404911346801
"Cre05.g234892.t2.1.v5.5",0.125000000000313,15.6233282997969,-6.96562992417097,15.4983282997966,0.84357919800855,-16.9917091644361
"Cre16.g674300.t1.1.v5.5",20.6687020000517,132.544600798277,-2.68095820815689,111.875898798225,0.843036539976309,-111.908016999787
"Cre03.g149350.t1.1.v5.5",16.2849035000407,0.529951999993111,4.94152966594442,15.7549515000476,0.842638189897241,16.51172953413
"Cre10.g426000.t1.2.v5.5",9.99525000002499,72.7911625990537,-2.86444874984782,62.7959125990287,0.842248859065245,-62.861209865746
"Cre03.g175250.t2.1.v5.5",29.5275362500738,2.48248379996773,3.5722047761218,27.0450524501061,0.842215788492643,27.2799470122568
"Cre07.g333150.t1.2.v5.5",6.42029625001605,52.1074570993226,-3.02077807750924,45.6871608493066,0.841274780381334,-45.7869169814257
"Cre04.g217220.t3.1.v5.5",18.1072022500453,0.796612199989644,4.50654226746521,17.3105900500556,0.840960609941615,17.8875781225278
"Cre12.g537250.t1.2.v5.5",4.89217025001223,43.3983846994358,-3.14909482976536,38.5062144494236,0.840688529321572,-38.6347686607783
"Cre14.g631750.t1.1.v5.5",47.6380545001191,5.67506669992622,3.06940524206732,41.9629878001929,0.840291682450349,42.0750946957837
"Cre07.g349800.t1.2.v5.5",15.3435987500384,0.201478899997381,6.25086432833257,15.142119850041,0.840048162779371,16.381608541417
"Cre08.g377150.t1.2.v5.5",1.10556100000276,20.2137592997372,-4.19248712111105,19.1081982997345,0.839464918135301,-19.5627245168626
"Cre06.g300700.t1.1.v5.5",21.9411822500549,135.581320698237,-2.62744526002186,113.640138448183,0.83924244337416,-113.670508642816
"Cre03.g161150.t1.1.v5.5",53.9612307501349,307.215857196006,-2.50925752503101,253.254626445871,0.838532929271064,-253.267057055521
"Cre07.g321300.t1.2.v5.5",6.42972425001607,51.0647907993362,-2.9895001234475,44.6350665493201,0.837808383089513,-44.7350676410612
"Cre06.g292249.t1.1.v5.5",1.4389515000036,22.1442369997121,-3.94384141684224,20.7052854997085,0.837165010131621,-21.0775409558525
"Cre02.g117376.t1.1.v5.5",24.403574000061,1.79574239997666,3.76444013685704,22.6078316000843,0.8369695931117,22.9190981323819
"Cre12.g507300.t1.2.v5.5",1212.97636075303,228.45200679703,2.40858841376414,984.524353956003,0.835911334788438,984.527300195699
"Cre06.g283950.t1.2.v5.5",276.816008250692,1465.79485118094,-2.40468392031565,1188.97884293025,0.835406256952336,-1188.9812746383
"Cre10.g445251.t1.1.v5.5",14.786857500037,0.167499399997822,6.46401574584886,14.6193581000391,0.835025945367414,15.984652977771
"Cre13.g584050.t1.2.v5.5",20.9220172500523,1.30122759998308,4.00707672590138,19.6207896500692,0.834865102127941,20.0257846382988
"Cre12.g559600.t1.1.v5.5",28.6592115000716,167.086013497828,-2.54352015032741,138.426801997756,0.834753864747371,-138.45016795252
"Cre07.g333100.t2.1.v5.5",0.125000000000313,14.5239162998112,-6.86035861602027,14.3989162998109,0.833058246297599,-15.9497119393851
"Cre03.g170250.t1.1.v5.5",18.0424140000451,0.914224899988115,4.30269945491608,17.128189100057,0.832622316022392,17.6603534632421
"Cre03.g200450.t1.2.v5.5",0.425129750001063,14.8942428998064,-5.13070776019103,14.4691131498053,0.832571206955643,-15.3518532256648
"Cre07.g339200.t1.2.v5.5",0.125000000000313,14.4168371998126,-6.84968279229015,14.2918371998123,0.831957898154662,-15.8484940893743
"Cre01.g004926.t1.1.v5.5",0.181400750000453,14.4668071998119,-6.31742232569444,14.2854064498115,0.831873718515312,-15.6199443749809
"Cre14.g614850.t1.1.v5.5",18.4621752500462,0.994126099987077,4.21499987182234,17.4680491500591,0.831337073314453,17.9693896676638
"Cre12.g559100.t1.2.v5.5",53.4809700001337,7.31750349990487,2.8696021964776,46.1634665002288,0.830782389619448,46.2525702646218
"Cre13.g574800.t1.2.v5.5",5.71521225001429,45.1310189994133,-2.98124037011883,39.415806749399,0.830423122944363,-39.5283899982076
"Cre06.g284150.t1.1.v5.5",14.405565000036,0.269006899996503,5.74283925704058,14.1365581000395,0.829997715124075,15.2585214764734
"Cre09.g394658.t1.1.v5.5",2.42570925000606,27.0919209996478,-3.48138415212128,24.6662117496417,0.829659493358828,-24.9106811968843
"Cre06.g279150.t1.2.v5.5",9.14417050002286,62.3784205991891,-2.77012281555354,53.2342500991662,0.829488127664436,-53.3062750905916
"Cre06.g281600.t1.2.v5.5",26.018589000065,146.821562798091,-2.49644923238712,120.802973798026,0.829488127664436,-120.828766182629
"Cre13.g581000.t2.1.v5.5",14.5124537500363,0.377582499995091,5.26435575818486,14.1348712500412,0.829376890283866,15.0833692126121
"Cre01.g006950.t1.1.v5.5",858.599413002147,170.092212697789,2.33566809460318,688.507200304358,0.827938320375682,688.511162012929
"Cre09.g389134.t1.1.v5.5",25.0403480000626,2.12852819997233,3.55632650335245,22.9118198000903,0.827523435010312,23.1861800379074
"Cre16.g675550.t2.1.v5.5",6.69783225001675,49.3247942993588,-2.88054688573298,42.626962049342,0.827448274618035,-42.7241786804258
"Cre10.g458750.t2.1.v5.5",0.125000000000313,13.9720820998184,-6.80447512001609,13.8470820998181,0.82743324253958,-15.4286280769879
"Cre03.g162850.t1.1.v5.5",191.789856500479,35.5727034995376,2.43068389278328,156.217153000942,0.826807908075834,156.236062149256
"Cre01.g016250.t1.1.v5.5",16.8890455000422,0.863262599988778,4.29014449849123,16.0257829000534,0.825280648904763,16.5900891310921
"Cre03.g179200.t1.2.v5.5",26.5341707500663,2.44158859996826,3.44195942580967,24.0925821500981,0.825160392277119,24.3372060711197
"Cre12.g543350.t3.1.v5.5",0.130150750000325,13.770290799821,-6.72523159090991,13.6401400498207,0.825068696598541,-15.2079637206989
"Cre03.g177800.t1.1.v5.5",0.0271420000000679,13.6559782998225,-8.97478992373284,13.6288362998224,0.825056670935777,-16.3184568223375
"Cre03.g170850.t1.1.v5.5",13.7638062500344,0.147750399998079,6.54157364246356,13.6160558500363,0.82478909993927,15.1059313725133
"Cre12.g561000.t1.1.v5.5",4.89481800001224,39.4177043994876,-3.00951663604102,34.5228863994753,0.824628256699797,-34.6538147356635
"Cre03.g163950.t1.1.v5.5",41.1723880001029,5.25474529993169,2.96998438459201,35.9176427001712,0.824144223773533,36.0402256427715
"Cre02.g101850.t1.2.v5.5",5.91392325001478,44.4714620994219,-2.91069241169784,38.5575388494071,0.824079585836174,-38.6672462484601
"Cre05.g234651.t2.1.v5.5",0.125000000000313,13.6517688998225,-6.77101599237765,13.5267688998222,0.823796982761212,-15.1268018575716
"Cre12.g516717.t1.1.v5.5",0.823014750002058,16.3495727997875,-4.31219084287611,15.5265580497854,0.822520759300347,-16.1142481903048
"Cre12.g530100.t1.2.v5.5",6.19776825001549,45.2788958994114,-2.86901806419977,39.0811276493959,0.821877386342455,-39.1862961123028
"Cre02.g144750.t1.1.v5.5",132.860644500332,24.7035752996789,2.42712205754925,108.157069200653,0.821161859407977,108.184298951175
"Cre03.g197750.t1.2.v5.5",2.29601025000574,25.0945169996738,-3.45017119074086,22.798506749668,0.820846185760413,-23.0580916656188
"Cre14.g630787.t1.1.v5.5",54.5343907501363,8.26898109989251,2.72138483920999,46.2654096502438,0.819634600236906,46.3453780386778
"Cre14.g617950.t1.1.v5.5",22.007915500055,1.79064449997672,3.6194716556111,20.2172710000783,0.819547414181864,20.5387103235909
"Cre12.g534600.t1.2.v5.5",10.6906600000267,65.9468875991427,-2.62495365004742,55.256227599116,0.819027304267306,-55.3185418295729
"Cre03.g170800.t1.2.v5.5",40.7044130001018,206.652476097314,-2.34394953112868,165.948063097212,0.818944627835802,-165.96461594304
"Cre06.g294200.t1.1.v5.5",44.6626302501117,6.21966739991914,2.84415887753083,38.4429628501925,0.818824371208158,38.5480302015799
"Cre05.g238343.t1.1.v5.5",5.29054250001323,39.8296025994822,-2.91235351415058,34.539060099469,0.817459458484406,-34.6616282875764
"Cre12.g497300.t1.2.v5.5",108.208193000271,20.076713499739,2.43021470848125,88.1314795005315,0.817022025001353,88.1649795694522
"Cre02.g085350.t1.1.v5.5",18.6494460000466,1.30119889998308,3.84121936148714,17.3482471000635,0.815463198465525,17.7684170265088
"Cre16.g657964.t1.1.v5.5",12.8646325000322,0.04999999999935,8.00726643443193,12.8146325000328,0.815427121477232,15.1106294330474
"Cre03.g155500.t1.1.v5.5",64.1410530001604,10.6399437998617,2.59175750806949,53.5011092002987,0.81532340013589,53.56384874748
"Cre02.g086000.t1.1.v5.5",13.1721675000329,0.338156999995604,5.2836557340698,12.8340105000373,0.814708588127063,13.8790793437907
"Cre07.g321400.t1.1.v5.5",347.390633500868,72.9679596990514,2.25122383662018,274.422673801817,0.814260632189092,274.431907593306
"Cre16.g654250.t1.2.v5.5",25.3972687500635,2.52491529996718,3.33036645875939,22.8723534500963,0.814110311404537,23.1135434993374
"Cre01.g023300.t1.2.v5.5",1.63288475000408,20.4295292997344,-3.64516109116952,18.7966445497303,0.813984041945512,-19.1468286070953
"Cre11.g467599.t1.1.v5.5",100.769559250252,18.9372969997538,2.41175756263775,81.8322622504981,0.813487983356483,81.867794153594
"Cre02.g075000.t2.1.v5.5",59.4988972501488,9.82134999987232,2.59886967998239,49.6775472502764,0.813170806501073,49.7454804421163
"Cre04.g227600.t1.2.v5.5",13.1628825000329,0.43461949999435,4.92057873978314,12.7282630000386,0.81288519701042,13.6462732690122
"Cre10.g445323.t1.1.v5.5",5.58829575001397,40.0997516994787,-2.84311302364248,34.5114559494647,0.81237260313509,-34.6283681887705
"Cre07.g327950.t1.1.v5.5",12.5510607500314,0.0143372999998136,9.77382022172882,12.5367234500316,0.812112548177811,15.8964460364336
"Cre11.g467648.t1.1.v5.5",1.22094525000305,17.7494590997693,-3.86170464721714,16.5285138497662,0.811375976333496,-16.9736422981119
"Cre09.g403850.t1.1.v5.5",24.5638410000614,2.43926879996829,3.33201551717416,22.1245722000931,0.811167030442965,22.3740703146259
"Cre10.g457650.t1.2.v5.5",5.91761300001479,41.3163881994629,-2.80362688666626,35.3987751994481,0.81106781872516,-35.5096269952347
"Cre09.g392319.t1.1.v5.5",81.0650157502027,14.8151511998074,2.45200609210757,66.2498645503953,0.811010696827029,66.2952252188757
"Cre08.g374250.t1.1.v5.5",12.803616750032,0.319787099995843,5.32329584569448,12.4838296500362,0.810440981053568,13.5714214948881
"Cre03.g168900.t1.2.v5.5",12.4377822500311,0.100094899998699,6.95721698647645,12.3376873500324,0.809578139750227,14.1640882990776
"Cre13.g580850.t1.2.v5.5",2.08310650000521,22.4330346997084,-3.42881629377835,20.3499281997032,0.809548075593316,-20.636772007985
"Cre21.g752147.t1.1.v5.5",21.9326207500548,1.98753819997416,3.46402371733226,19.9450825500807,0.80932409762433,20.2436601987826
"Cre03.g183400.t1.1.v5.5",5.94109725001485,40.7527733994702,-2.77809693484992,34.8116761494554,0.808563474454486,-34.9223512798606
"Cre09.g398300.t1.1.v5.5",56.8567962501421,9.59450129987527,2.5670530832444,47.2622949502669,0.808488314062209,47.3319583949177
"Cre03.g146867.t1.1.v5.5",12.3031447500308,0.04999999999935,7.94288331311367,12.2531447500314,0.808411650462086,14.6023611649268
"Cre09.g391208.t1.1.v5.5",8.38633825002096,51.3777090993321,-2.615029637432,42.9913708493111,0.808129047387124,-43.0708294267436
"Cre16.g685837.t1.1.v5.5",4.51371275001128,34.1075921995566,-2.91770639823694,29.5938794495453,0.808121531347896,-29.7373622149062
"Cre17.g746897.t2.1.v5.5",64.8735937501622,11.4547040998511,2.50169116969939,53.4188896503111,0.807987745849643,53.4774366455673
"Cre09.g413100.t1.1.v5.5",1.02238050000256,16.2223522997891,-3.98797890066476,15.1999717997866,0.807747232594356,-15.714423897377
"Cre09.g386730.t1.1.v5.5",21.9751405000549,2.03510839997354,3.43269484265111,19.9400321000814,0.807605931056875,20.2333455966886
"Cre09.g402950.t1.1.v5.5",5.19705075001299,37.152104399517,-2.83767887904673,31.955053649504,0.807595408601957,-32.0808022836598
"Cre16.g680454.t1.1.v5.5",5.38848100001347,37.9408559995068,-2.81580168526283,32.5523749994933,0.807333850436832,-32.6739323810031
"Cre17.g735450.t1.1.v5.5",17.1556462500429,1.18778179998456,3.85234173592796,15.9678644500583,0.807308295903458,16.4259925710993
"Cre10.g456440.t2.1.v5.5",0.125000000000313,12.2487006998408,-6.61455681608607,12.1237006998405,0.806621329918045,-13.8107378706767
"Cre10.g466050.t2.1.v5.5",2.37652625000594,23.5892676996933,-3.31120439036786,21.2127414496874,0.806281604944952,-21.469617470418
"Cre01.g053000.t1.2.v5.5",152.926074250382,676.113974891211,-2.14443205662153,523.187900640828,0.806266572866497,-523.192295399887
"Cre12.g524750.t1.2.v5.5",46.3723547501159,7.3156253999049,2.66421187924118,39.056729350211,0.806168864356537,39.1474920329914
"Cre03.g208553.t1.1.v5.5",24.2043920000605,2.53025069996711,3.2579166141179,21.6741413000934,0.805203804919699,21.9176281052709
"Cre09.g401600.t1.2.v5.5",53.5436332501339,243.147871496839,-2.18304701960991,189.604238246705,0.804068882996314,-189.616805308504
"Cre03.g192050.t1.1.v5.5",51.1242210001278,231.734795396987,-2.1803958233044,180.61057439686,0.803637462344644,-180.623735178713
"Cre17.g711950.t2.1.v5.5",4.98085275001245,35.3753739995401,-2.82828073458973,30.3945212495277,0.803548773081756,-30.5258266702417
"Cre12.g532400.t1.2.v5.5",2.14373150000536,21.9463959997147,-3.35578791598707,19.8026644997093,0.80292043220232,-20.0849902620124
"Cre10.g443500.t1.2.v5.5",2.32900475000582,22.8937908997024,-3.29717088626601,20.5647861496966,0.802888864837563,-20.8274281954348
"Cre17.g714800.t1.2.v5.5",176.497536250441,38.3776126995011,2.20131116909093,138.11992355094,0.802734034429472,138.137464333832
"Cre09.g390615.t1.1.v5.5",188.819565500472,41.2384707994639,2.19494552368795,147.581094701008,0.802567178358617,147.597416301912
"Cre02.g119300.t1.2.v5.5",26.9813490000674,3.19175589995851,3.07954025520014,23.7895931001089,0.802286078491501,23.9880867943267
"Cre01.g013500.t1.2.v5.5",27.2229992500681,3.24507999995781,3.0685000721074,23.9779192501102,0.802268039997354,24.1734628106387
"Cre14.g612567.t1.1.v5.5",3.42998625000858,28.0094519996359,-3.0296390594909,24.5794657496273,0.80182760009861,-24.7654769662911
"Cre14.g616050.t1.1.v5.5",11.7884980000295,0.0370440999995184,8.31392041424844,11.75145390003,0.801796032733854,14.395066565285
"Cre03.g146127.t1.1.v5.5",48.1357232501203,8.05768309989525,2.57867099526914,40.0780401502251,0.801172201477954,40.1609119217293
"Cre16.g675450.t2.1.v5.5",6.00797550001502,39.1774050994907,-2.70507100961733,33.1694295994757,0.800372494904125,-33.2795503142943
"Cre13.g577750.t1.1.v5.5",25.5140892500638,2.9382023999618,3.11828845884998,22.575886850102,0.80027328318632,22.7902257553804
"Cre04.g228950.t1.2.v5.5",109.616083750274,22.8824338997025,2.26014707935297,86.7336498505715,0.800162045805749,86.7630928518679
"Cre02.g118550.t1.2.v5.5",190.458543250476,807.283960889505,-2.08359922533203,616.825417639029,0.800159039390058,-616.82893676553
